{
  "variant": "no_global",
  "name": "No Global Branch",
  "best_score": 0.15754385964912282,
  "final_metrics": {
    "click_recall": 0.042105263157894736,
    "cart_recall": 0.1111111111111111,
    "order_recall": 0.2
  },
  "training_history": {
    "loss": [
      3.0751423342474578,
      2.9629162344439277,
      2.4836802893671495,
      2.58958022347812,
      2.4519694344750764
    ],
    "click_recall": [
      0.08421052631578947,
      0.05263157894736842,
      0.042105263157894736,
      0.09473684210526316,
      0.08421052631578947
    ],
    "cart_recall": [
      0.1111111111111111,
      0.1111111111111111,
      0.1111111111111111,
      0.1111111111111111,
      0.1111111111111111
    ],
    "order_recall": [
      0.0,
      0.0,
      0.2,
      0.0,
      0.0
    ],
    "otto_score": [
      0.04175438596491228,
      0.03859649122807018,
      0.15754385964912282,
      0.04280701754385965,
      0.04175438596491228
    ]
  }
}