{
  "results": [
    {
      "variant": "full_model",
      "name": "Full Model",
      "best_score": 0.1326315789473684,
      "final_metrics": {
        "click_recall": 0.12631578947368421,
        "cart_recall": 0.0,
        "order_recall": 0.2
      },
      "training_history": {
        "loss": [
          3.075111282282862,
          2.949834478312525,
          2.4682316862303635,
          2.5127680959372687,
          2.444871951793802
        ],
        "click_recall": [
          0.06315789473684211,
          0.10526315789473684,
          0.12631578947368421,
          0.08421052631578947,
          0.12631578947368421
        ],
        "cart_recall": [
          0.1111111111111111,
          0.1111111111111111,
          0.0,
          0.0,
          0.0
        ],
        "order_recall": [
          0.0,
          0.0,
          0.2,
          0.1,
          0.0
        ],
        "otto_score": [
          0.039649122807017545,
          0.043859649122807015,
          0.1326315789473684,
          0.06842105263157894,
          0.012631578947368423
        ]
      }
    },
    {
      "variant": "no_global",
      "name": "No Global Branch",
      "best_score": 0.15754385964912282,
      "final_metrics": {
        "click_recall": 0.042105263157894736,
        "cart_recall": 0.1111111111111111,
        "order_recall": 0.2
      },
      "training_history": {
        "loss": [
          3.0751423342474578,
          2.9629162344439277,
          2.4836802893671495,
          2.58958022347812,
          2.4519694344750764
        ],
        "click_recall": [
          0.08421052631578947,
          0.05263157894736842,
          0.042105263157894736,
          0.09473684210526316,
          0.08421052631578947
        ],
        "cart_recall": [
          0.1111111111111111,
          0.1111111111111111,
          0.1111111111111111,
          0.1111111111111111,
          0.1111111111111111
        ],
        "order_recall": [
          0.0,
          0.0,
          0.2,
          0.0,
          0.0
        ],
        "otto_score": [
          0.04175438596491228,
          0.03859649122807018,
          0.15754385964912282,
          0.04280701754385965,
          0.04175438596491228
        ]
      }
    },
    {
      "variant": "no_session",
      "name": "No Session Branch",
      "best_score": 0.1649122807017544,
      "final_metrics": {
        "click_recall": 0.11578947368421053,
        "cart_recall": 0.1111111111111111,
        "order_recall": 0.2
      },
      "training_history": {
        "loss": [
          3.0751835642189813,
          2.9819177101398338,
          2.519464172165969,
          2.522010556582747,
          2.4783875366737105
        ],
        "click_recall": [
          0.07368421052631578,
          0.08421052631578947,
          0.11578947368421053,
          0.06315789473684211,
          0.09473684210526316
        ],
        "cart_recall": [
          0.2222222222222222,
          0.2222222222222222,
          0.1111111111111111,
          0.1111111111111111,
          0.0
        ],
        "order_recall": [
          0.0,
          0.0,
          0.2,
          0.2,
          0.2
        ],
        "otto_score": [
          0.07403508771929825,
          0.07508771929824562,
          0.1649122807017544,
          0.15964912280701754,
          0.12947368421052632
        ]
      }
    },
    {
      "variant": "no_temporal",
      "name": "No Temporal Features",
      "best_score": 0.16175438596491226,
      "final_metrics": {
        "click_recall": 0.08421052631578947,
        "cart_recall": 0.1111111111111111,
        "order_recall": 0.2
      },
      "training_history": {
        "loss": [
          3.0753240749753754,
          2.9784009867701036,
          2.488948739808181,
          2.5390095710754395,
          2.4463067630241655
        ],
        "click_recall": [
          0.06315789473684211,
          0.10526315789473684,
          0.12631578947368421,
          0.08421052631578947,
          0.10526315789473684
        ],
        "cart_recall": [
          0.2222222222222222,
          0.2222222222222222,
          0.0,
          0.1111111111111111,
          0.1111111111111111
        ],
        "order_recall": [
          0.0,
          0.0,
          0.0,
          0.2,
          0.0
        ],
        "otto_score": [
          0.07298245614035087,
          0.07719298245614035,
          0.012631578947368423,
          0.16175438596491226,
          0.043859649122807015
        ]
      }
    }
  ],
  "summary": {
    "variants": [
      "Full Model",
      "No Global Branch",
      "No Session Branch",
      "No Temporal Features"
    ],
    "clicks": [
      0.12631578947368421,
      0.042105263157894736,
      0.11578947368421053,
      0.08421052631578947
    ],
    "carts": [
      0.0,
      0.1111111111111111,
      0.1111111111111111,
      0.1111111111111111
    ],
    "orders": [
      0.2,
      0.2,
      0.2,
      0.2
    ],
    "otto": [
      0.1326315789473684,
      0.15754385964912282,
      0.1649122807017544,
      0.16175438596491226
    ]
  }
}