{
  "variant": "full_model",
  "name": "Full Model",
  "best_score": 0.1326315789473684,
  "final_metrics": {
    "click_recall": 0.12631578947368421,
    "cart_recall": 0.0,
    "order_recall": 0.2
  },
  "training_history": {
    "loss": [
      3.075111282282862,
      2.949834478312525,
      2.4682316862303635,
      2.5127680959372687,
      2.444871951793802
    ],
    "click_recall": [
      0.06315789473684211,
      0.10526315789473684,
      0.12631578947368421,
      0.08421052631578947,
      0.12631578947368421
    ],
    "cart_recall": [
      0.1111111111111111,
      0.1111111111111111,
      0.0,
      0.0,
      0.0
    ],
    "order_recall": [
      0.0,
      0.0,
      0.2,
      0.1,
      0.0
    ],
    "otto_score": [
      0.039649122807017545,
      0.043859649122807015,
      0.1326315789473684,
      0.06842105263157894,
      0.012631578947368423
    ]
  }
}