{
  "variant": "no_temporal",
  "name": "No Temporal Features",
  "best_score": 0.16175438596491226,
  "final_metrics": {
    "click_recall": 0.08421052631578947,
    "cart_recall": 0.1111111111111111,
    "order_recall": 0.2
  },
  "training_history": {
    "loss": [
      3.0753240749753754,
      2.9784009867701036,
      2.488948739808181,
      2.5390095710754395,
      2.4463067630241655
    ],
    "click_recall": [
      0.06315789473684211,
      0.10526315789473684,
      0.12631578947368421,
      0.08421052631578947,
      0.10526315789473684
    ],
    "cart_recall": [
      0.2222222222222222,
      0.2222222222222222,
      0.0,
      0.1111111111111111,
      0.1111111111111111
    ],
    "order_recall": [
      0.0,
      0.0,
      0.0,
      0.2,
      0.0
    ],
    "otto_score": [
      0.07298245614035087,
      0.07719298245614035,
      0.012631578947368423,
      0.16175438596491226,
      0.043859649122807015
    ]
  }
}