{
  "variant": "no_session",
  "name": "No Session Branch",
  "best_score": 0.1649122807017544,
  "final_metrics": {
    "click_recall": 0.11578947368421053,
    "cart_recall": 0.1111111111111111,
    "order_recall": 0.2
  },
  "training_history": {
    "loss": [
      3.0751835642189813,
      2.9819177101398338,
      2.519464172165969,
      2.522010556582747,
      2.4783875366737105
    ],
    "click_recall": [
      0.07368421052631578,
      0.08421052631578947,
      0.11578947368421053,
      0.06315789473684211,
      0.09473684210526316
    ],
    "cart_recall": [
      0.2222222222222222,
      0.2222222222222222,
      0.1111111111111111,
      0.1111111111111111,
      0.0
    ],
    "order_recall": [
      0.0,
      0.0,
      0.2,
      0.2,
      0.2
    ],
    "otto_score": [
      0.07403508771929825,
      0.07508771929824562,
      0.1649122807017544,
      0.15964912280701754,
      0.12947368421052632
    ]
  }
}